,Variable,SHAP_abs,Corr,Sign
429,submcc_sor_eye_ind,0.0,0.0,blue
445,submcc_rsk_synx_ind,0.0,0.0,blue
446,submcc_rsk_coag_ind,0.0,0.0,blue
447,submcc_rsk_othr_ind,0.0,0.0,blue
448,submcc_rsk_chol_ind,0.0,0.0,blue
472,credit_bal_nonagn1stmorg_bankruptc,0.0,0.0,blue
473,credit_bal_nonagn1stmorg_collectio,0.0,0.0,blue
482,credit_hh_1stmtgcredit,0.0,0.0,blue
444,rx_gpi2_22_ind,0.0,0.0,blue
834,total_ip_rehab_admit_ct_pmpm,0.0,0.0,blue
832,total_ip_maternity_admit_ct_pmpm,0.0,0.0,blue
519,credit_num_heloc_60dpd,0.0,0.0,blue
521,credit_num_mtg_60to89dpd,0.0,0.0,blue
524,credit_num_mtg_severederog,0.0,0.0,blue
526,credit_num_nonagn1stmorg_60to89dpd,0.0,0.0,blue
538,betos_d1c_pmpm_ct,0.0,0.0,blue
539,betos_d1d_pmpm_ct,0.0,0.0,blue
833,total_ip_mhsa_admit_ct_pmpm,0.0,0.0,blue
443,submcc_rsk_obe_ind,0.0,0.0,blue
442,rx_gpi2_96_ind,0.0,0.0,blue
441,rx_gpi2_89_ind,0.0,0.0,blue
423,submcc_rar_hem_ind,0.0,0.0,blue
424,rx_gpi2_48_ind,0.0,0.0,blue
425,betos_m1b_ind,0.0,0.0,blue
426,rx_gpi2_57_ind,0.0,0.0,blue
427,rx_gpi2_09_ind,0.0,0.0,blue
428,rx_gpi2_55_ind,0.0,0.0,blue
430,submcc_hiv_kapo_ind,0.0,0.0,blue
431,submcc_cad_mi_ind,0.0,0.0,blue
432,rx_gpi2_73_ind,0.0,0.0,blue
433,rx_gpi2_15_ind,0.0,0.0,blue
434,rx_gpi2_70_ind,0.0,0.0,blue
435,rx_gpi2_88_ind,0.0,0.0,blue
436,submcc_res_alg_ind,0.0,0.0,blue
437,submcc_can_lymp_ind,0.0,0.0,blue
438,submcc_mus_arth_ind,0.0,0.0,blue
439,submcc_rar_scl_ind,0.0,0.0,blue
440,rx_gpi2_74_ind,0.0,0.0,blue
541,betos_m2c_pmpm_ct,0.0,0.0,blue
422,submcc_rsk_an_ind,0.0,0.0,blue
542,betos_m5b_pmpm_ct,0.0,0.0,blue
546,betos_o1b_pmpm_ct,0.0,0.0,blue
581,rx_gpi2_15_pmpm_ct,0.0,0.0,blue
582,rx_gpi2_16_pmpm_ct,0.0,0.0,blue
584,rx_gpi2_18_pmpm_ct,0.0,0.0,blue
585,rx_gpi2_19_pmpm_ct,0.0,0.0,blue
586,rx_gpi2_20_pmpm_ct,0.0,0.0,blue
587,rx_gpi2_21_pmpm_ct,0.0,0.0,blue
588,rx_gpi2_22_pmpm_ct,0.0,0.0,blue
580,rx_gpi2_14_pmpm_ct,0.0,0.0,blue
589,rx_gpi2_23_pmpm_ct,0.0,0.0,blue
591,rx_gpi2_25_pmpm_ct,0.0,0.0,blue
592,rx_gpi2_26_pmpm_ct,0.0,0.0,blue
594,rx_gpi2_28_pmpm_ct,0.0,0.0,blue
595,rx_gpi2_29_pmpm_ct,0.0,0.0,blue
596,rx_gpi2_30_pmpm_ct,0.0,0.0,blue
597,rx_gpi2_31_pmpm_ct,0.0,0.0,blue
598,rx_gpi2_32_pmpm_ct,0.0,0.0,blue
590,rx_gpi2_24_pmpm_ct,0.0,0.0,blue
579,rx_gpi2_13_pmpm_ct,0.0,0.0,blue
578,rx_gpi2_12_pmpm_ct,0.0,0.0,blue
577,rx_gpi2_11_pmpm_ct,0.0,0.0,blue
547,betos_o1e_pmpm_ct,0.0,0.0,blue
548,betos_o1g_pmpm_ct,0.0,0.0,blue
550,betos_t1b_pmpm_ct,0.0,0.0,blue
551,betos_t1e_pmpm_ct,0.0,0.0,blue
557,med_ip_acute_admit_ct_pmpm,0.0,0.0,blue
558,med_ip_ltach_admit_ct_pmpm,0.0,0.0,blue
559,med_ip_maternity_admit_ct_pmpm,0.0,0.0,blue
560,med_ip_mhsa_admit_ct_pmpm,0.0,0.0,blue
561,med_ip_rehab_admit_ct_pmpm,0.0,0.0,blue
562,med_ip_snf_admit_ct_pmpm,0.0,0.0,blue
565,med_urgent_care_visit_ct_pmpm,0.0,0.0,blue
569,rx_gpi2_01_pmpm_ct,0.0,0.0,blue
571,rx_gpi2_03_pmpm_ct,0.0,0.0,blue
572,rx_gpi2_04_pmpm_ct,0.0,0.0,blue
574,rx_gpi2_07_pmpm_ct,0.0,0.0,blue
575,rx_gpi2_08_pmpm_ct,0.0,0.0,blue
576,rx_gpi2_09_pmpm_ct,0.0,0.0,blue
831,total_ip_ltach_admit_ct_pmpm,0.0,0.0,blue
421,submcc_rar_par_ind,0.0,0.0,blue
420,submcc_inf_myco_ind,0.0,0.0,blue
419,rx_gpi2_52_ind,0.0,0.0,blue
357,submcc_gus_fem_ind,0.0,0.0,blue
358,submcc_rsk_fh/h_ind,0.0,0.0,blue
359,rx_gpi2_13_ind,0.0,0.0,blue
360,submcc_inj_org_ind,0.0,0.0,blue
361,submcc_mus_othr_ind,0.0,0.0,blue
362,rx_gpi2_67_ind,0.0,0.0,blue
363,submcc_rsk_pcos_ind,0.0,0.0,blue
356,submcc_vco_care_ind,0.0,0.0,blue
364,submcc_pre_ect_ind,0.0,0.0,blue
366,submcc_cir_hbp_ind,0.0,0.0,blue
367,submcc_skn_othr_ind,0.0,0.0,blue
368,submcc_hdz_myop_ind,0.0,0.0,blue
369,submcc_vco_othr_ind,0.0,0.0,blue
370,rx_gpi2_76_ind,0.0,0.0,blue
371,rx_gpi2_46_ind,0.0,0.0,blue
372,submcc_vco_exam_ind,0.0,0.0,blue
365,rx_gpi2_38_ind,0.0,0.0,blue
355,submcc_res_fail_ind,0.0,0.0,blue
353,rx_gpi2_28_ind,0.0,0.0,blue
352,submcc_gus_male_ind,0.0,0.0,blue
333,rx_gpi2_50_ind,0.0,0.0,blue
335,submcc_rar_lup_ind,0.0,0.0,blue
337,submcc_trm_fxu_ind,0.0,0.0,blue
338,rx_gpi2_72_ind,0.0,0.0,blue
339,submcc_end_meta_ind,0.0,0.0,blue
340,submcc_pre_com_ind,0.0,0.0,blue
341,rx_generic_ind,0.0,0.0,blue
342,submcc_hiv_pcp_ind,0.0,0.0,blue
343,rx_gpi2_85_ind,0.0,0.0,blue
344,submcc_end_nutr_ind,0.0,0.0,blue
345,submcc_res_inf_ind,0.0,0.0,blue
346,submcc_end_othr_ind,0.0,0.0,blue
347,submcc_ano_gu_ind,0.0,0.0,blue
348,rx_gpi2_24_ind,0.0,0.0,blue
349,submcc_rar_pol_ind,0.0,0.0,blue
350,submcc_can_dig_ind,0.0,0.0,blue
351,submcc_trm_skul_ind,0.0,0.0,blue
373,rx_gpi2_39_ind,0.0,0.0,blue
374,betos_t1e_ind,0.0,0.0,blue
375,submcc_men_schz_ind,0.0,0.0,blue
376,submcc_sns_othr_ind,0.0,0.0,blue
400,rx_gpi2_68_ind,0.0,0.0,blue
401,submcc_pre_mul_ind,0.0,0.0,blue
402,submcc_cad_ptca_ind,0.0,0.0,blue
403,submcc_dig_p/b_ind,0.0,0.0,blue
404,rx_gpi2_98_ind,0.0,0.0,blue
405,rx_gpi2_20_ind,0.0,0.0,blue
406,rx_gpi2_07_ind,0.0,0.0,blue
409,submcc_inf_othr_ind,0.0,0.0,blue
410,submcc_dig_liv_ind,0.0,0.0,blue
411,submcc_gus_kub_ind,0.0,0.0,blue
824,submcc_vco_care_pmpm_ct,0.0,0.0,blue
413,submcc_dia_othr_ind,0.0,0.0,blue
414,submcc_cer_hem_ind,0.0,0.0,blue
415,submcc_ben_othr_ind,0.0,0.0,blue
416,submcc_inj_drug_ind,0.0,0.0,blue
417,submcc_rsk_fh/ho_ind,0.0,0.0,blue
418,betos_y2_ind,0.0,0.0,blue
399,submcc_hdz_valv_ind,0.0,0.0,blue
601,rx_gpi2_35_pmpm_ct,0.0,0.0,blue
398,rx_gpi2_80_ind,0.0,0.0,blue
396,rx_gpi2_37_ind,0.0,0.0,blue
377,rx_gpi2_03_ind,0.0,0.0,blue
378,rx_maint_ind,0.0,0.0,blue
379,rx_gpi2_82_ind,0.0,0.0,blue
381,submcc_rar_mg_ind,0.0,0.0,blue
382,submcc_trm_f/n_ind,0.0,0.0,blue
383,submcc_pre_l/d_ind,0.0,0.0,blue
384,submcc_pre_care_ind,0.0,0.0,blue
385,rx_gpi2_77_ind,0.0,0.0,blue
386,submcc_mus_inf_ind,0.0,0.0,blue
387,submcc_vco_vac_ind,0.0,0.0,blue
389,submcc_rsk_glu_ind,0.0,0.0,blue
390,submcc_can_brst_ind,0.0,0.0,blue
391,submcc_skn_inf_ind,0.0,0.0,blue
392,submcc_bld_anem_ind,0.0,0.0,blue
393,betos_o1g_ind,0.0,0.0,blue
394,submcc_ano_dig_ind,0.0,0.0,blue
395,submcc_mus_atrp_ind,0.0,0.0,blue
836,total_ip_rehab_admit_days_pmpm,0.0,0.0,blue
332,rx_gpi2_21_ind,0.0,0.0,blue
602,rx_gpi2_36_pmpm_ct,0.0,0.0,blue
604,rx_gpi2_38_pmpm_ct,0.0,0.0,blue
748,submcc_men_alco_pmpm_ct,0.0,0.0,blue
752,submcc_mus_arth_pmpm_ct,0.0,0.0,blue
753,submcc_mus_atrp_pmpm_ct,0.0,0.0,blue
755,submcc_mus_form_pmpm_ct,0.0,0.0,blue
756,submcc_mus_inf_pmpm_ct,0.0,0.0,blue
758,submcc_mus_oste_pmpm_ct,0.0,0.0,blue
759,submcc_mus_othr_pmpm_ct,0.0,0.0,blue
747,submcc_men_abus_pmpm_ct,0.0,0.0,blue
761,submcc_neo_fh/ho_pmpm_ct,0.0,0.0,blue
763,submcc_ner_epil_pmpm_ct,0.0,0.0,blue
764,submcc_ner_infl_pmpm_ct,0.0,0.0,blue
767,submcc_pre_care_pmpm_ct,0.0,0.0,blue
768,submcc_pre_com_pmpm_ct,0.0,0.0,blue
769,submcc_pre_del_pmpm_ct,0.0,0.0,blue
770,submcc_pre_ect_pmpm_ct,0.0,0.0,blue
771,submcc_pre_l/d_pmpm_ct,0.0,0.0,blue
762,submcc_ner_deg_pmpm_ct,0.0,0.0,blue
746,submcc_inj_othr_pmpm_ct,0.0,0.0,blue
743,submcc_inj_comp_pmpm_ct,0.0,0.0,blue
742,submcc_inf_sep_pmpm_ct,0.0,0.0,blue
720,submcc_end_nutr_pmpm_ct,0.0,0.0,blue
721,submcc_end_othr_pmpm_ct,0.0,0.0,blue
725,submcc_gus_kub_pmpm_ct,0.0,0.0,blue
726,submcc_gus_male_pmpm_ct,0.0,0.0,blue
727,submcc_gus_othr_pmpm_ct,0.0,0.0,blue
729,submcc_hdz_it_i_pmpm_ct,0.0,0.0,blue
730,submcc_hdz_it_is_pmpm_ct,0.0,0.0,blue
731,submcc_hdz_myop_pmpm_ct,0.0,0.0,blue
732,submcc_hdz_othr_pmpm_ct,0.0,0.0,blue
733,submcc_hdz_surg_pmpm_ct,0.0,0.0,blue
735,submcc_hiv_kapo_pmpm_ct,0.0,0.0,blue
736,submcc_hiv_othr_pmpm_ct,0.0,0.0,blue
737,submcc_hiv_pcp_pmpm_ct,0.0,0.0,blue
738,submcc_inf_cand_pmpm_ct,0.0,0.0,blue
739,submcc_inf_men_pmpm_ct,0.0,0.0,blue
740,submcc_inf_myco_pmpm_ct,0.0,0.0,blue
741,submcc_inf_othr_pmpm_ct,0.0,0.0,blue
772,submcc_pre_mul_pmpm_ct,0.0,0.0,blue
718,submcc_end_gld_pmpm_ct,0.0,0.0,blue
773,submcc_pre_othr_pmpm_ct,0.0,0.0,blue
775,submcc_rar_cf_pmpm_ct,0.0,0.0,blue
804,submcc_rsk_synx_pmpm_ct,0.0,0.0,blue
805,submcc_skn_inf_pmpm_ct,0.0,0.0,blue
807,submcc_sns_abd_pmpm_ct,0.0,0.0,blue
808,submcc_sns_chst_pmpm_ct,0.0,0.0,blue
809,submcc_sns_coma_pmpm_ct,0.0,0.0,blue
811,submcc_sns_dth_pmpm_ct,0.0,0.0,blue
813,submcc_sor_ear_pmpm_ct,0.0,0.0,blue
802,submcc_rsk_pcos_pmpm_ct,0.0,0.0,blue
815,submcc_trm_brn_pmpm_ct,0.0,0.0,blue
817,submcc_trm_fxu_pmpm_ct,0.0,0.0,blue
818,submcc_trm_fxul_pmpm_ct,0.0,0.0,blue
819,submcc_trm_hip_pmpm_ct,0.0,0.0,blue
820,submcc_trm_prly_pmpm_ct,0.0,0.0,blue
821,submcc_trm_skul_pmpm_ct,0.0,0.0,blue
822,submcc_trm_spfx_pmpm_ct,0.0,0.0,blue
823,submcc_trm_spnj_pmpm_ct,0.0,0.0,blue
816,submcc_trm_f/n_pmpm_ct,0.0,0.0,blue
801,submcc_rsk_othr_pmpm_ct,0.0,0.0,blue
799,submcc_rsk_glu_pmpm_ct,0.0,0.0,blue
798,submcc_rsk_fh/ho_pmpm_ct,0.0,0.0,blue
776,submcc_rar_cid_pmpm_ct,0.0,0.0,blue
777,submcc_rar_drm_pmpm_ct,0.0,0.0,blue
778,submcc_rar_hem_pmpm_ct,0.0,0.0,blue
779,submcc_rar_lup_pmpm_ct,0.0,0.0,blue
780,submcc_rar_mg_pmpm_ct,0.0,0.0,blue
781,submcc_rar_ms_pmpm_ct,0.0,0.0,blue
782,submcc_rar_othr_pmpm_ct,0.0,0.0,blue
783,submcc_rar_par_pmpm_ct,0.0,0.0,blue
784,submcc_rar_pol_pmpm_ct,0.0,0.0,blue
786,submcc_rar_sca_pmpm_ct,0.0,0.0,blue
787,submcc_rar_scl_pmpm_ct,0.0,0.0,blue
789,submcc_res_asth_pmpm_ct,0.0,0.0,blue
791,submcc_res_fail_pmpm_ct,0.0,0.0,blue
793,submcc_res_othr_pmpm_ct,0.0,0.0,blue
794,submcc_rsk_an_pmpm_ct,0.0,0.0,blue
796,submcc_rsk_coag_pmpm_ct,0.0,0.0,blue
797,submcc_rsk_fh/h_pmpm_ct,0.0,0.0,blue
774,submcc_rar_als_pmpm_ct,0.0,0.0,blue
717,submcc_dig_ugi_pmpm_ct,0.0,0.0,blue
716,submcc_dig_p/b_pmpm_ct,0.0,0.0,blue
714,submcc_dig_liv_pmpm_ct,0.0,0.0,blue
637,rx_gpi2_73_pmpm_ct,0.0,0.0,blue
638,rx_gpi2_74_pmpm_ct,0.0,0.0,blue
640,rx_gpi2_76_pmpm_ct,0.0,0.0,blue
641,rx_gpi2_77_pmpm_ct,0.0,0.0,blue
642,rx_gpi2_78_pmpm_ct,0.0,0.0,blue
644,rx_gpi2_80_pmpm_ct,0.0,0.0,blue
645,rx_gpi2_81_pmpm_ct,0.0,0.0,blue
635,rx_gpi2_70_pmpm_ct,0.0,0.0,blue
646,rx_gpi2_82_pmpm_ct,0.0,0.0,blue
648,rx_gpi2_84_pmpm_ct,0.0,0.0,blue
649,rx_gpi2_85_pmpm_ct,0.0,0.0,blue
651,rx_gpi2_87_pmpm_ct,0.0,0.0,blue
652,rx_gpi2_88_pmpm_ct,0.0,0.0,blue
653,rx_gpi2_89_pmpm_ct,0.0,0.0,blue
655,rx_gpi2_92_pmpm_ct,0.0,0.0,blue
656,rx_gpi2_93_pmpm_ct,0.0,0.0,blue
647,rx_gpi2_83_pmpm_ct,0.0,0.0,blue
634,rx_gpi2_69_pmpm_ct,0.0,0.0,blue
632,rx_gpi2_67_pmpm_ct,0.0,0.0,blue
629,rx_gpi2_64_pmpm_ct,0.0,0.0,blue
606,rx_gpi2_40_pmpm_ct,0.0,0.0,blue
608,rx_gpi2_42_pmpm_ct,0.0,0.0,blue
609,rx_gpi2_43_pmpm_ct,0.0,0.0,blue
611,rx_gpi2_45_pmpm_ct,0.0,0.0,blue
612,rx_gpi2_46_pmpm_ct,0.0,0.0,blue
613,rx_gpi2_47_pmpm_ct,0.0,0.0,blue
614,rx_gpi2_48_pmpm_ct,0.0,0.0,blue
616,rx_gpi2_50_pmpm_ct,0.0,0.0,blue
617,rx_gpi2_51_pmpm_ct,0.0,0.0,blue
619,rx_gpi2_53_pmpm_ct,0.0,0.0,blue
620,rx_gpi2_54_pmpm_ct,0.0,0.0,blue
621,rx_gpi2_55_pmpm_ct,0.0,0.0,blue
623,rx_gpi2_57_pmpm_ct,0.0,0.0,blue
625,rx_gpi2_59_pmpm_ct,0.0,0.0,blue
626,rx_gpi2_60_pmpm_ct,0.0,0.0,blue
627,rx_gpi2_61_pmpm_ct,0.0,0.0,blue
628,rx_gpi2_62_pmpm_ct,0.0,0.0,blue
657,rx_gpi2_94_pmpm_ct,0.0,0.0,blue
658,rx_gpi2_95_pmpm_ct,0.0,0.0,blue
659,rx_gpi2_96_pmpm_ct,0.0,0.0,blue
661,rx_gpi2_98_pmpm_ct,0.0,0.0,blue
690,submcc_can_gu_pmpm_ct,0.0,0.0,blue
691,submcc_can_h/n_pmpm_ct,0.0,0.0,blue
693,submcc_can_leuk_pmpm_ct,0.0,0.0,blue
694,submcc_can_lymp_pmpm_ct,0.0,0.0,blue
695,submcc_can_ner_pmpm_ct,0.0,0.0,blue
697,submcc_can_res_pmpm_ct,0.0,0.0,blue
698,submcc_can_sec_pmpm_ct,0.0,0.0,blue
700,submcc_cer_hem_pmpm_ct,0.0,0.0,blue
701,submcc_cer_occ_pmpm_ct,0.0,0.0,blue
702,submcc_cer_seq_pmpm_ct,0.0,0.0,blue
704,submcc_cir_anur_pmpm_ct,0.0,0.0,blue
707,submcc_cir_othr_pmpm_ct,0.0,0.0,blue
708,submcc_dia_eye_pmpm_ct,0.0,0.0,blue
709,submcc_dia_nep_pmpm_ct,0.0,0.0,blue
711,submcc_dia_othr_pmpm_ct,0.0,0.0,blue
712,submcc_dia_pvd_pmpm_ct,0.0,0.0,blue
713,submcc_dig_lgi_pmpm_ct,0.0,0.0,blue
689,submcc_can_end_pmpm_ct,0.0,0.0,blue
603,rx_gpi2_37_pmpm_ct,0.0,0.0,blue
688,submcc_can_dig_pmpm_ct,0.0,0.0,blue
686,submcc_cad_ptca_pmpm_ct,0.0,0.0,blue
662,rx_gpi2_99_pmpm_ct,0.0,0.0,blue
827,submcc_vco_othr_pmpm_ct,0.0,0.0,blue
666,submcc_ano_cns_pmpm_ct,0.0,0.0,blue
667,submcc_ano_dig_pmpm_ct,0.0,0.0,blue
668,submcc_ano_gu_pmpm_ct,0.0,0.0,blue
669,submcc_ano_hrt_pmpm_ct,0.0,0.0,blue
670,submcc_ano_mus_pmpm_ct,0.0,0.0,blue
671,submcc_ano_othr_pmpm_ct,0.0,0.0,blue
672,submcc_ben_lymp_pmpm_ct,0.0,0.0,blue
673,submcc_ben_ner_pmpm_ct,0.0,0.0,blue
674,submcc_ben_othr_pmpm_ct,0.0,0.0,blue
675,submcc_ben_unk_pmpm_ct,0.0,0.0,blue
676,submcc_bld_anem_pmpm_ct,0.0,0.0,blue
678,submcc_brn_acc_pmpm_ct,0.0,0.0,blue
679,submcc_brn_othr_pmpm_ct,0.0,0.0,blue
683,submcc_cad_fh/ho_pmpm_ct,0.0,0.0,blue
685,submcc_cad_mi_pmpm_ct,0.0,0.0,blue
687,submcc_can_brst_pmpm_ct,0.0,0.0,blue
330,submcc_hdz_it_i_ind,0.0,0.0,blue
412,submcc_brn_acc_ind,0.0,0.0,blue
328,rx_gpi2_61_ind,0.0,0.0,blue
140,lab_bun_abn_result_ind,0.0,0.0,blue
141,lab_cholesterol_abn_result_ind,0.0,0.0,blue
142,lab_creatinine_abn_result_ind,0.0,0.0,blue
143,lab_egfr_abn_result_ind,0.0,0.0,blue
144,lab_hba1_c_abn_result_ind,0.0,0.0,blue
147,phy_em_pi_ind,0.0,0.0,blue
148,phy_em_px_ind,0.0,0.0,blue
149,prov_fb_ind,0.0,0.0,blue
151,prov_sp_ind,0.0,0.0,blue
839,total_ip_mhsa_admit_days_pmpm,0.0,0.0,blue
154,prov_spec_bh_psychiatric_ind,0.0,0.0,blue
155,prov_spec_chiropractic_ind,0.0,0.0,blue
157,prov_spec_med_supply_ind,0.0,0.0,blue
158,prov_spec_nurse_phy_assist_ind,0.0,0.0,blue
159,prov_spec_pain_mgmt_ind,0.0,0.0,blue
160,prov_spec_phy_general_ind,0.0,0.0,blue
161,prov_spec_phy_geriatric_ind,0.0,0.0,blue
139,lab_bnp_abn_result_ind,0.0,0.0,blue
138,lab_abn_result_ind,0.0,0.0,blue
136,cmsd2_skn_radiation_ind,0.0,0.0,blue
135,cmsd2_mus_spondylopath_ind,0.0,0.0,blue
110,ccsp_080_ind,0.0,0.0,blue
111,ccsp_107_ind,0.0,0.0,blue
112,ccsp_120_ind,0.0,0.0,blue
113,ccsp_125_ind,0.0,0.0,blue
114,ccsp_130_ind,0.0,0.0,blue
115,ccsp_163_ind,0.0,0.0,blue
116,ccsp_169_ind,0.0,0.0,blue
117,ccsp_204_ind,0.0,0.0,blue
162,rev_cms_ambul_ind,0.0,0.0,blue
118,ccsp_205_ind,0.0,0.0,blue
846,pdc_ost,0.0,0.0,blue
124,ccsp_242_ind,0.0,0.0,blue
845,pdc_cvd,0.0,0.0,blue
127,cms_hospice_ind,0.0,0.0,blue
129,cmsd2_can_unc_neo/plycyth/myelo_ind,0.0,0.0,blue
130,cmsd2_eye_blindness_ind,0.0,0.0,blue
131,cmsd2_gus_m_genital_ind,0.0,0.0,blue
134,cmsd2_mus_polyarthropath_ind,0.0,0.0,blue
119,ccsp_212_ind,0.0,0.0,blue
163,rev_cms_clinic_ind,0.0,0.0,blue
165,rev_cms_icu_ind,0.0,0.0,blue
166,rev_cms_lab_ind,0.0,0.0,blue
191,submcc_inf_sep_ind,0.0,0.0,blue
192,submcc_can_ner_ind,0.0,0.0,blue
194,submcc_ner_migr_ind,0.0,0.0,blue
195,submcc_dig_othr_ind,0.0,0.0,blue
196,submcc_can_sec_ind,0.0,0.0,blue
197,rx_gpi2_53_ind,0.0,0.0,blue
198,submcc_vco_end_ind,0.0,0.0,blue
199,betos_t2a_ind,0.0,0.0,blue
190,rx_gpi2_16_ind,0.0,0.0,blue
200,submcc_rar_drm_ind,0.0,0.0,blue
202,submcc_dia_eye_ind,0.0,0.0,blue
203,rx_gpi2_62_ind,0.0,0.0,blue
204,submcc_hdz_othr_ind,0.0,0.0,blue
205,submcc_brn_othr_ind,0.0,0.0,blue
838,med_ip_rehab_admit_days_pmpm,0.0,0.0,blue
207,submcc_cir_art_ind,0.0,0.0,blue
208,rx_gpi2_29_ind,0.0,0.0,blue
209,submcc_trm_brn_ind,0.0,0.0,blue
201,rx_gpi2_81_ind,0.0,0.0,blue
109,ccsp_062_ind,0.0,0.0,blue
189,submcc_can_gu_ind,0.0,0.0,blue
187,betos_o1e_ind,0.0,0.0,blue
167,rev_cms_nicu_ind,0.0,0.0,blue
168,rev_cms_phar_ind,0.0,0.0,blue
169,submcc_mus_back_ind,0.0,0.0,blue
170,submcc_cad_ang_ind,0.0,0.0,blue
171,rx_gpi2_31_ind,0.0,0.0,blue
172,submcc_gus_othr_ind,0.0,0.0,blue
173,submcc_trm_spfx_ind,0.0,0.0,blue
174,submcc_bld_othr_ind,0.0,0.0,blue
188,submcc_pre_del_ind,0.0,0.0,blue
175,rx_gpi2_18_ind,0.0,0.0,blue
178,submcc_hdz_it_is_ind,0.0,0.0,blue
179,rx_gpi2_78_ind,0.0,0.0,blue
180,rx_gpi2_45_ind,0.0,0.0,blue
181,rx_gpi2_40_ind,0.0,0.0,blue
182,submcc_ano_cns_ind,0.0,0.0,blue
183,rx_gpi2_87_ind,0.0,0.0,blue
184,submcc_trm_spnj_ind,0.0,0.0,blue
329,betos_t1h_ind,0.0,0.0,blue
177,rx_gpi2_66_ind,0.0,0.0,blue
210,submcc_hiv_othr_ind,0.0,0.0,blue
108,ccsp_060_ind,0.0,0.0,blue
106,ccsp_021_ind,0.0,0.0,blue
35,cons_hhcomp_E,0.0,0.0,blue
36,cons_hhcomp_F,0.0,0.0,blue
37,cons_hhcomp_G,0.0,0.0,blue
38,cons_hhcomp_H,0.0,0.0,blue
39,cons_hhcomp_I,0.0,0.0,blue
40,cons_hhcomp_J,0.0,0.0,blue
41,cons_hhcomp_K,0.0,0.0,blue
43,cons_hhcomp_U,0.0,0.0,blue
45,lang_spoken_cd_ENG,0.0,0.0,blue
47,hedis_cmc_ldc_c_control_X,0.0,0.0,blue
48,hedis_cmc_ldc_c_control_Y,0.0,0.0,blue
49,hedis_cmc_ldc_c_screen_X,0.0,0.0,blue
50,hedis_cmc_ldc_c_screen_Y,0.0,0.0,blue
51,hedis_dia_eye_X,0.0,0.0,blue
52,hedis_dia_eye_Y,0.0,0.0,blue
53,hedis_dia_hba1c_ge9_X,0.0,0.0,blue
54,hedis_dia_hba1c_ge9_Y,0.0,0.0,blue
34,cons_hhcomp_D,0.0,0.0,blue
33,cons_hhcomp_C,0.0,0.0,blue
31,cons_cmys_6,0.0,0.0,blue
30,cons_cmys_5,0.0,0.0,blue
1,dcsi_score,0.0,0.0,blue
3,hcc_weighted_sum,0.0,0.0,blue
6,cons_hcaccprf_h_1.0,0.0,0.0,blue
7,cons_hcaccprf_p_0.0,0.0,0.0,blue
8,cons_hcaccprf_p_1.0,0.0,0.0,blue
10,cons_n2029_y_1.0,0.0,0.0,blue
15,cons_ret_y_0.0,0.0,0.0,blue
16,cons_ret_y_1.0,0.0,0.0,blue
55,hedis_dia_hba1c_test_X,0.0,0.0,blue
17,cons_retail_buyer_0.0,0.0,0.0,blue
22,cons_homstat_T,0.0,0.0,blue
23,cons_homstat_U,0.0,0.0,blue
24,cons_homstat_X,0.0,0.0,blue
851,pdc_lip,0.0,0.0,blue
26,cons_cmys_0,0.0,0.0,blue
27,cons_cmys_2,0.0,0.0,blue
28,cons_cmys_3,0.0,0.0,blue
29,cons_cmys_4,0.0,0.0,blue
19,cons_veteran_y_0.0,0.0,0.0,blue
56,hedis_dia_hba1c_test_Y,0.0,0.0,blue
57,hedis_dia_ldc_c_control_X,0.0,0.0,blue
58,hedis_dia_ldc_c_control_Y,0.0,0.0,blue
85,mabh_seg_H1,0.0,0.0,blue
87,mabh_seg_H3,0.0,0.0,blue
88,mabh_seg_H4,0.0,0.0,blue
89,mabh_seg_H5,0.0,0.0,blue
90,mabh_seg_H6,0.0,0.0,blue
91,mabh_seg_H7,0.0,0.0,blue
92,mabh_seg_H8,0.0,0.0,blue
848,total_ip_acute_admit_days_pmpm,0.0,0.0,blue
84,mabh_seg_C7,0.0,0.0,blue
95,smoker_current_ind,0.0,0.0,blue
97,bh_adtp_ind,0.0,0.0,blue
98,bh_aoth_ind,0.0,0.0,blue
99,bh_bipr_ind,0.0,0.0,blue
100,bh_cdal_ind,0.0,0.0,blue
101,bh_cdsb_ind,0.0,0.0,blue
847,pdc_dia,0.0,0.0,blue
104,ccsp_014_ind,0.0,0.0,blue
105,ccsp_020_ind,0.0,0.0,blue
96,smoker_former_ind,0.0,0.0,blue
107,ccsp_034_ind,0.0,0.0,blue
83,mabh_seg_C6,0.0,0.0,blue
81,mabh_seg_C4,0.0,0.0,blue
59,hedis_dia_ldc_c_screen_X,0.0,0.0,blue
60,hedis_dia_ldc_c_screen_Y,0.0,0.0,blue
61,hedis_dia_ma_nephr_X,0.0,0.0,blue
63,rucc_category_2-Metro,0.0,0.0,blue
64,rucc_category_3-Metro,0.0,0.0,blue
65,rucc_category_4-Nonmetro,0.0,0.0,blue
66,rucc_category_5-Nonmetro,0.0,0.0,blue
67,rucc_category_6-Nonmetro,0.0,0.0,blue
82,mabh_seg_C5,0.0,0.0,blue
68,rucc_category_7-Nonmetro,0.0,0.0,blue
70,rucc_category_9-Nonmetro,0.0,0.0,blue
74,cms_ra_factor_type_cd_D,0.0,0.0,blue
75,cms_ra_factor_type_cd_E,0.0,0.0,blue
76,cms_ra_factor_type_cd_I,0.0,0.0,blue
77,cms_ra_factor_type_cd_SE,0.0,0.0,blue
849,pdc_hf,0.0,0.0,blue
79,mabh_seg_C2,0.0,0.0,blue
80,mabh_seg_C3,0.0,0.0,blue
69,rucc_category_8-Nonmetro,0.0,0.0,blue
212,rx_gpi2_42_ind,0.0,0.0,blue
185,rx_gpi2_84_ind,0.0,0.0,blue
825,submcc_vco_end_pmpm_ct,0.0,0.0,blue
250,rx_gpi2_27_ind,0.0,0.0,blue
251,submcc_can_end_ind,0.0,0.0,blue
253,submcc_inj_comp_ind,0.0,0.0,blue
254,betos_t1b_ind,0.0,0.0,blue
218,rx_gpi2_54_ind,0.0,0.0,blue
255,rx_gpi2_92_ind,0.0,0.0,blue
217,betos_m2c_ind,0.0,0.0,blue
256,submcc_dig_lgi_ind,0.0,0.0,blue
257,submcc_mus_jnt_ind,0.0,0.0,blue
258,submcc_men_alco_ind,0.0,0.0,blue
259,rx_gpi2_41_ind,0.0,0.0,blue
249,rx_gpi2_79_ind,0.0,0.0,blue
260,rx_gpi2_30_ind,0.0,0.0,blue
262,submcc_trm_hip_ind,0.0,0.0,blue
263,betos_m5d_ind,0.0,0.0,blue
216,rx_gpi2_05_ind,0.0,0.0,blue
215,submcc_ben_ner_ind,0.0,0.0,blue
264,submcc_dia_nep_ind,0.0,0.0,blue
265,submcc_sns_dth_ind,0.0,0.0,blue
269,submcc_mus_form_ind,0.0,0.0,blue
270,submcc_hdz_surg_ind,0.0,0.0,blue
271,submcc_ano_othr_ind,0.0,0.0,blue
272,submcc_cad_fh/ho_ind,0.0,0.0,blue
273,submcc_end_gld_ind,0.0,0.0,blue
261,rx_gpi2_26_ind,0.0,0.0,blue
274,submcc_inj_othr_ind,0.0,0.0,blue
248,submcc_ner_infl_ind,0.0,0.0,blue
246,rx_gpi2_35_ind,0.0,0.0,blue
224,submcc_pre_othr_ind,0.0,0.0,blue
222,rx_gpi2_02_ind,0.0,0.0,blue
221,submcc_ben_unk_ind,0.0,0.0,blue
220,rx_gpi2_19_ind,0.0,0.0,blue
225,rx_gpi2_12_ind,0.0,0.0,blue
226,rx_gpi2_34_ind,0.0,0.0,blue
219,submcc_ben_lymp_ind,0.0,0.0,blue
227,submcc_ano_hrt_ind,0.0,0.0,blue
228,submcc_cer_tia_ind,0.0,0.0,blue
229,rx_gpi2_93_ind,0.0,0.0,blue
230,submcc_hdz_arrh_ind,0.0,0.0,blue
247,rx_gpi2_49_ind,0.0,0.0,blue
231,submcc_rar_ms_ind,0.0,0.0,blue
233,rx_gpi2_56_ind,0.0,0.0,blue
235,submcc_dig_ugi_ind,0.0,0.0,blue
236,rx_gpi2_33_ind,0.0,0.0,blue
238,submcc_res_othr_ind,0.0,0.0,blue
239,submcc_ano_mus_ind,0.0,0.0,blue
240,submcc_ner_deg_ind,0.0,0.0,blue
241,rx_gpi2_51_ind,0.0,0.0,blue
242,submcc_dia_pvd_ind,0.0,0.0,blue
243,submcc_cir_othr_ind,0.0,0.0,blue
244,submcc_can_leuk_ind,0.0,0.0,blue
245,submcc_rar_othr_ind,0.0,0.0,blue
232,rx_gpi2_47_ind,0.0,0.0,blue
275,submcc_sns_cons_ind,0.0,0.0,blue
268,rx_gpi2_95_ind,0.0,0.0,blue
300,submcc_end_thy_ind,0.0,0.0,blue
297,rx_gpi2_36_ind,0.0,0.0,blue
298,submcc_sor_ear_ind,0.0,0.0,blue
301,rx_gpi2_23_ind,0.0,0.0,blue
303,submcc_cad_isch_ind,0.0,0.0,blue
304,rx_gpi2_69_ind,0.0,0.0,blue
305,submcc_sns_coma_ind,0.0,0.0,blue
306,rx_gpi2_83_ind,0.0,0.0,blue
309,submcc_trm_prly_ind,0.0,0.0,blue
310,submcc_cad_cabg_ind,0.0,0.0,blue
296,rx_gpi2_11_ind,0.0,0.0,blue
311,submcc_gus_brst_ind,0.0,0.0,blue
314,submcc_rar_als_ind,0.0,0.0,blue
315,submcc_rar_cf_ind,0.0,0.0,blue
316,rx_gpi2_94_ind,0.0,0.0,blue
317,rx_gpi2_25_ind,0.0,0.0,blue
322,submcc_rsk_smok_ind,0.0,0.0,blue
323,rx_gpi2_04_ind,0.0,0.0,blue
324,submcc_rar_sca_ind,0.0,0.0,blue
325,submcc_can_h/n_ind,0.0,0.0,blue
326,submcc_inf_men_ind,0.0,0.0,blue
313,rx_branded_ind,0.0,0.0,blue
295,submcc_sns_abd_ind,0.0,0.0,blue
223,submcc_cir_anur_ind,0.0,0.0,blue
294,rx_gpi2_08_ind,0.0,0.0,blue
286,betos_m5c_ind,0.0,0.0,blue
288,submcc_cad_ashd_ind,0.0,0.0,blue
213,rx_gpi2_14_ind,0.0,0.0,blue
289,rx_gpi2_01_ind,0.0,0.0,blue
283,submcc_ner_epil_ind,0.0,0.0,blue
290,submcc_inf_cand_ind,0.0,0.0,blue
287,submcc_neo_fh/ho_ind,0.0,0.0,blue
282,submcc_dia_neu_ind,0.0,0.0,blue
280,submcc_rar_cid_ind,0.0,0.0,blue
279,submcc_cer_seq_ind,0.0,0.0,blue
278,submcc_can_res_ind,0.0,0.0,blue
292,rx_gpi2_90_ind,0.0,0.0,blue
276,rx_gpi2_99_ind,0.0,0.0,blue
293,rx_gpi2_64_ind,0.0,0.0,blue
291,submcc_trm_fxul_ind,0.0,0.0,blue
354,betos_d1d_ind,3.8637890673027054e-06,0.13114290503869247,red
795,submcc_rsk_chol_pmpm_ct,6.88483325330843e-06,0.1272787696380246,red
570,rx_gpi2_02_pmpm_ct,9.074202901021376e-06,-0.045944183285064194,blue
723,submcc_gus_brst_pmpm_ct,1.127815821230467e-05,-0.19978238281822283,blue
307,submcc_can_othr_ind,1.141379444693221e-05,0.14822354719994027,red
806,submcc_skn_othr_pmpm_ct,1.171756968089208e-05,0.16955725998508447,red
844,med_ip_snf_admit_days_pmpm,1.2934904331659736e-05,-0.3612540641810678,blue
469,credit_bal_nonagn1stmorg_30to59dpd,1.3118628221705278e-05,0.11398219973650076,red
281,submcc_men_abus_ind,1.4879042218210931e-05,-0.10259185978638574,blue
554,betos_y2_pmpm_ct,1.61266654114654e-05,0.26749891740248716,red
312,betos_d1c_ind,1.6242355648244746e-05,-0.27654806346377253,blue
457,credit_bal_autobank_new,1.710009265239374e-05,0.05446269704725326,red
633,rx_gpi2_68_pmpm_ct,1.7693483119987444e-05,0.2031130959477018,red
810,submcc_sns_cons_pmpm_ct,1.862760475561559e-05,-0.0811501003206473,blue
682,submcc_cad_cabg_pmpm_ct,2.0303856476794348e-05,0.3073247539903477,red
607,rx_gpi2_41_pmpm_ct,2.034981205636676e-05,0.37613709310004784,red
631,rx_gpi2_66_pmpm_ct,2.061512374971962e-05,-0.20848860940282393,blue
388,submcc_sns_chst_ind,2.1290121312563782e-05,-0.06521929692956782,blue
850,pdc_ast,2.1865273734882222e-05,-0.28571005216163614,blue
684,submcc_cad_isch_pmpm_ct,2.498163232473224e-05,0.27855159577761474,red
618,rx_gpi2_52_pmpm_ct,2.627889857320305e-05,-0.30723800153069697,blue
299,submcc_res_asth_ind,2.7081271338206932e-05,0.21330973716235016,red
788,submcc_res_alg_pmpm_ct,3.0005301954162905e-05,0.2566857539942063,red
211,rx_gpi2_97_ind,3.0319939915755177e-05,0.19322998078776302,red
503,credit_minmob_agencyfirstmtg,3.052607947703648e-05,-0.09254161559858898,blue
680,submcc_cad_ang_pmpm_ct,3.306686419636036e-05,0.3206409600426711,red
42,cons_hhcomp_L,3.349862041308224e-05,0.21331805876807886,red
696,submcc_can_othr_pmpm_ct,3.407926028256556e-05,0.21247472035430923,red
699,submcc_can_skn_pmpm_ct,3.469357799592848e-05,0.4317417145941643,red
681,submcc_cad_ashd_pmpm_ct,3.850676949586439e-05,0.3454622211065229,red
664,rx_otc_pmpm_ct,3.9709206343775564e-05,-0.07331512676986002,blue
703,submcc_cer_tia_pmpm_ct,4.041091037491362e-05,0.45774424884424664,red
765,submcc_ner_migr_pmpm_ct,4.564797777569547e-05,-0.08661752580488043,blue
744,submcc_inj_drug_pmpm_ct,4.5698889651595355e-05,-0.29350944930583595,blue
790,submcc_res_copd_pmpm_ct,4.6360217780692876e-05,-0.1797156049917957,blue
486,credit_hh_autobank,4.6581132752987334e-05,0.174816862441274,red
751,submcc_men_schz_pmpm_ct,4.726832384900432e-05,-0.43172728058993204,blue
792,submcc_res_inf_pmpm_ct,4.7348960631086316e-05,-0.3260095905266796,blue
463,credit_bal_heloc_60dpd,4.844769440278791e-05,-0.1754714190213242,blue
600,rx_gpi2_34_pmpm_ct,4.8973931290452185e-05,0.18465998790099594,red
380,submcc_can_h/o_ind,5.028436263190284e-05,0.3001947215016268,red
722,submcc_end_thy_pmpm_ct,5.195278519895855e-05,0.2661998887502026,red
408,submcc_rar_ra_ind,5.242944962078873e-05,0.36758391735458734,red
266,rx_gpi2_60_ind,5.3015578038904556e-05,0.22385449188140957,red
719,submcc_end_meta_pmpm_ct,5.386748984118411e-05,0.2979351192731341,red
4,sex_cd,5.391286347307298e-05,0.16443183243601267,red
308,rx_gpi2_43_ind,5.398818590169498e-05,0.3270282526371965,red
745,submcc_inj_org_pmpm_ct,5.520063358948134e-05,-0.27550869048663706,blue
20,cons_veteran_y_1.0,5.617165687416882e-05,0.28953841413751163,red
622,rx_gpi2_56_pmpm_ct,5.674136197466268e-05,0.23355321076788266,red
267,submcc_cer_occ_ind,5.8590996478580714e-05,0.26611145935980174,red
302,submcc_mus_oste_ind,6.046564496482844e-05,0.25548024853603146,red
456,credit_bal_autobank,6.214339928551998e-05,-0.09462615486651724,blue
814,submcc_sor_eye_pmpm_ct,6.294084131929906e-05,0.13304069890292494,red
285,submcc_can_skn_ind,6.354904371857467e-05,0.39983596636460006,red
214,betos_t1a_ind,6.381785313005906e-05,0.2652943977225338,red
643,rx_gpi2_79_pmpm_ct,6.383332172111897e-05,0.17530199490588885,red
331,rx_otc_ind,6.605135323315293e-05,-0.1973115702662658,blue
785,submcc_rar_ra_pmpm_ct,6.672819550842473e-05,-0.19472559218361846,blue
527,credit_num_nonagn1stmorg_90to119dp,6.67769635779056e-05,-0.13357061881335675,blue
512,credit_num_agency1stmorg_collectio,6.948017924646119e-05,-0.2436937304846886,blue
481,credit_hh_1stmtg_severederog,7.202855687273631e-05,-0.10446147409617858,blue
454,credit_bal_agencyfirstmtg_60dpd,7.26324172548007e-05,-0.16624229980936206,blue
334,betos_o1b_ind,7.365901331937815e-05,0.40516491524219134,red
724,submcc_gus_fem_pmpm_ct,7.800299089696374e-05,-0.27029854423030886,blue
506,credit_num_1stmtg_30to59dpd,8.10826382692424e-05,-0.17290875942340228,blue
508,credit_num_1stmtg_bankruptcy,8.121908781673035e-05,0.11964044790516623,red
502,credit_minmob_1stmtgcredit,8.343484827002e-05,0.11215854315966023,red
466,credit_bal_mtg_bankruptcy,8.654084515139217e-05,0.19162738162894039,red
677,submcc_bld_othr_pmpm_ct,8.767179975108179e-05,0.3167360812881276,red
492,credit_hh_consumerfinance_new,9.211778639510832e-05,0.1623489529473903,red
540,betos_m1b_pmpm_ct,9.28265839510925e-05,-0.1779355964054056,blue
556,med_er_visit_ct_pmpm,9.812427414547252e-05,-0.23820420843864978,blue
593,rx_gpi2_27_pmpm_ct,9.965697599856869e-05,-0.4270409220759369,blue
553,betos_t2a_pmpm_ct,9.970634107167285e-05,-0.16252208746350746,blue
803,submcc_rsk_smok_pmpm_ct,0.00010773336927536564,-0.2810091978723155,blue
507,credit_num_1stmtg_60to89dpd,0.00010817312774171507,-0.029205195275523035,blue
528,credit_num_nonagn1stmorg_bankruptc,0.00010822001867056935,0.13385716702509803,red
462,credit_bal_consumerfinance_new,0.0001109282329586056,0.028013501610727163,red
505,credit_minmob_nonagn,0.00011270135542587812,-0.13442440241028203,blue
705,submcc_cir_art_pmpm_ct,0.00011395363490696203,0.39818112347361734,red
152,prov_spec_addiction_all_ind,0.00011720875988449007,0.3541860153911752,red
407,submcc_ner_othr_ind,0.0001175828962932273,-0.27482149007043893,blue
654,rx_gpi2_90_pmpm_ct,0.00011770432630936824,0.20245987543598956,red
660,rx_gpi2_97_pmpm_ct,0.00011971750447094911,-0.4693470571482034,blue
62,hedis_dia_ma_nephr_Y,0.00012098498131037006,0.4097394593302758,red
122,ccsp_236_ind,0.00012358278131325033,-0.4176857825655674,blue
121,ccsp_228_ind,0.00012616452218291188,0.46027268676732475,red
706,submcc_cir_hbp_pmpm_ct,0.00012683730222274255,0.059928436867423274,red
843,hlth_pgm_slvrsnkr_pct_par,0.00012918138283286566,0.3515774680490452,red
150,prov_pcp_ind,0.00013030796228782573,0.46474246542490644,red
491,credit_hh_consumerfinance,0.0001338550758572914,-0.23104952417309785,blue
470,credit_bal_nonagn1stmorg_60to89dpd,0.00013460111965363916,0.1763095076475509,red
465,credit_bal_mtg_90to119dpd,0.0001363568170311226,-0.17177284140374022,blue
510,credit_num_1stmtg_severederog,0.00013642548516680343,-0.30017785981001,blue
710,submcc_dia_neu_pmpm_ct,0.00013698254192073332,-0.31995614015132495,blue
474,credit_bal_nonagnfirstmtg_60dpd,0.00013782183067191856,0.22023608162364197,red
467,credit_bal_mtg_severederog,0.00013878191098572112,0.22808868781169547,red
455,credit_bal_agencyfirstmtg_new,0.00013901228800398626,-0.18186272311970392,blue
525,credit_num_nonagn1stmorg_30to59dpd,0.00014185376564752658,0.3300868561047734,red
156,prov_spec_home_health_ind,0.00014318974421924916,-0.4470605894015084,blue
573,rx_gpi2_05_pmpm_ct,0.00014647608970798292,0.3309213129939975,red
564,med_physician_office_visit_ct_pmpm,0.00015343463608991388,0.06380970555554188,red
650,rx_gpi2_86_pmpm_ct,0.00015912040198945985,0.24377719371886875,red
464,credit_bal_heloc_severederog,0.0001634955226220971,-0.12352661985940273,blue
514,credit_num_autobank,0.0001656982108690308,-0.1860231830495437,blue
583,rx_gpi2_17_pmpm_ct,0.00016815360923049517,0.3422352103459905,red
485,credit_hh_agencyfirstmtg_new,0.00016905133660709726,0.1482851480246766,red
513,credit_num_agencyfirstmtg_60dpd,0.00017467733049776152,0.30030718000961415,red
835,total_outpatient_visit_ct_pmpm,0.0001756817492367811,0.16953361041138784,red
176,rx_gpi2_32_ind,0.00017841658907624848,-0.6156296315371214,blue
532,credit_num_studentloan_60dpd,0.00018190085007798143,-0.20488208707057873,blue
517,credit_num_consumerfinance,0.00018504377038544464,-0.2971744803058242,blue
599,rx_gpi2_33_pmpm_ct,0.0001862890385814303,0.29841428832550293,red
533,credit_num_totalallcredit_collections,0.00018661823893032403,-0.24304727067541732,blue
518,credit_num_consumerfinance_new,0.00019186124440242783,0.12544553762291202,red
321,rx_gpi2_65_ind,0.0001967399872483109,-0.3629493306771064,blue
252,rx_mail_ind,0.0001988144666892264,0.5300196865727574,red
468,credit_bal_mtgcredit_new,0.00020050734793520218,-0.3224721843899115,blue
320,rx_gpi2_86_ind,0.00020107401340179506,-0.09527270215165957,blue
800,submcc_rsk_obe_pmpm_ct,0.00020194129256904134,-0.41111589172311624,blue
715,submcc_dig_othr_pmpm_ct,0.0002037908944907722,-0.45080729230158545,blue
478,credit_bal_totalallcredit_60to89dpd,0.0002043955354982116,0.09618261035824881,red
449,credit_bal_1stmtg_60to89dpd,0.00020578219467412998,-0.2594158774162041,blue
120,ccsp_220_ind,0.00020597600055699056,0.4156867551860135,red
494,credit_hh_nonagnfirstmtg,0.00020629223168160748,0.1173022247826983,red
318,rx_gpi2_44_ind,0.00021195012385046217,-0.3067735581705744,blue
453,credit_bal_agency1stmorg_collectio,0.0002187155994515425,0.29095111606262736,red
692,submcc_can_h/o_pmpm_ct,0.00021917398984894068,0.1976572908670321,red
537,credit_prcnt_nonagnfirstmtg,0.00022178624170448877,0.23071735434935295,red
523,credit_num_mtg_collections,0.0002268280734893475,-0.2548872197059332,blue
728,submcc_hdz_arrh_pmpm_ct,0.00023182740892718596,0.45014551850516626,red
488,credit_hh_autofinance,0.00023220657076429622,-0.21858514089904085,blue
451,credit_bal_1stmtg_severederog,0.00023817219136082184,-0.13164198052956216,blue
479,credit_bal_totalallcredit_90to119dpd,0.0002421406147871196,-0.24720754221845773,blue
531,credit_num_studentloan,0.00024643047327053773,-0.18724381646526778,blue
522,credit_num_mtg_90to119dpd,0.00024831075609614767,0.24285069801046186,red
452,credit_bal_1stmtgcredit_60dpd,0.0002514277082980307,0.30356533962583604,red
501,credit_highcrd_consumerfinance_new,0.00025482037598890386,0.40662802975553386,red
476,credit_bal_studentloan_60dpd,0.0002558705677397995,-0.28880139785152825,blue
615,rx_gpi2_49_pmpm_ct,0.00027881652297183807,-0.5079563726549794,blue
493,credit_hh_mtg_severederog,0.00028101335080331184,-0.12846038372131985,blue
630,rx_gpi2_65_pmpm_ct,0.0002867047142019372,-0.18676168455321132,blue
639,rx_gpi2_75_pmpm_ct,0.0002867298115018053,-0.5996125130725183,blue
530,credit_num_nonmtgcredit_60dpd,0.00028864493412866305,-0.2934608583015034,blue
734,submcc_hdz_valv_pmpm_ct,0.00029404798137765506,0.45612038177853087,red
757,submcc_mus_jnt_pmpm_ct,0.00029487827084514687,-0.03820755812235286,blue
450,credit_bal_1stmtg_collections,0.000301236951824117,-0.26214107007502047,blue
509,credit_num_1stmtg_collections,0.0003227625753644576,-0.2849817155645194,blue
605,rx_gpi2_39_pmpm_ct,0.00032607042922642884,0.4241705417652904,red
496,credit_hh_studentloan,0.00033127485841359845,-0.34998139798947425,blue
498,credit_hh_totalallcredit_bankruptcy,0.00033238300261233565,-0.1363553504295359,blue
14,cons_online_buyer_1.0,0.0003604241451754835,0.5557460700706174,red
520,credit_num_heloc_severederog,0.0003608452091074977,-0.13389859143318514,blue
826,submcc_vco_exam_pmpm_ct,0.00037406268927095974,0.3208547078246535,red
535,credit_prcnt_autobank,0.00037633638822234556,0.32803336998798316,red
504,credit_minmob_mtgcredit,0.0003854208107898442,0.3159024486336668,red
563,med_outpatient_visit_ct_pmpm,0.00039778606165766375,0.29937328613374564,red
13,cons_online_buyer_0.0,0.00039968257227343285,0.6245549585810231,red
515,credit_num_autobank_new,0.0004032167440084321,-0.4467286430599674,blue
760,submcc_mus_soft_pmpm_ct,0.0004056242072714683,-0.3683317635993294,blue
459,credit_bal_autofinance_new,0.0004098806928585833,-0.14120248035480307,blue
516,credit_num_autofinance,0.0004163286463756467,-0.35489371213562193,blue
489,credit_hh_autofinance_new,0.0004551303057874412,-0.19097560881106596,blue
237,submcc_mus_soft_ind,0.0004647470483748843,-0.5311249799243968,blue
552,betos_t1h_pmpm_ct,0.0004787757292784092,0.21739066127236334,red
471,credit_bal_nonagn1stmorg_90to119dp,0.0004925593593580732,-0.24474210468843605,blue
529,credit_num_nonagn1stmorg_collectio,0.0004974250170902725,-0.08864806993087976,blue
46,lang_spoken_cd_SPA,0.0005277496888957972,-0.7886961598408146,blue
461,credit_bal_consumerfinance,0.0005498623228503928,0.2956368868916175,red
495,credit_hh_nonmtgcredit_60dpd,0.0005578443959479644,-0.45998361418639705,blue
477,credit_bal_totalallcredit_60dpd,0.0005604509628673776,-0.3272242920342058,blue
460,credit_bal_bankcard_severederog,0.0005736852705307231,-0.3704444075710479,blue
534,credit_prcnt_agencyfirstmtg,0.0005771659951040874,-0.45852795824534087,blue
841,cons_n2mob,0.0005800578351583374,-0.061354208003132515,blue
145,lab_hemoglobin_abn_result_ind,0.0006123684023511321,-0.7268067182048173,blue
21,cons_homstat_R,0.0006285158377416506,-0.6564326674294567,blue
234,betos_m5b_ind,0.0006390804572506333,-0.626012712785273,blue
102,bh_cdto_ind,0.0006451168520152818,-0.6713236856519071,blue
567,rx_branded_pmpm_ct,0.0006494843946199366,-0.3117395075328684,blue
490,credit_hh_bankcard_severederog,0.0006750769140583545,-0.4632621770776308,blue
754,submcc_mus_back_pmpm_ct,0.0007145715876501888,-0.5504270694492276,blue
186,rx_gpi2_17_ind,0.0007207983647067745,0.5693123345350481,red
828,submcc_vco_vac_pmpm_ct,0.0007325567322950141,0.5439412847800315,red
536,credit_prcnt_mtgcredit,0.0007395738921316257,0.5423461359752701,red
663,rx_mail_pmpm_ct,0.0008445756339619628,-0.2766587371109331,blue
610,rx_gpi2_44_pmpm_ct,0.0008907300775726521,-0.539004932134924,blue
837,cci_score,0.0009103348517907837,0.39136782635602824,red
812,submcc_sns_othr_pmpm_ct,0.0009466247452147226,-0.20403355225827852,blue
5,cons_hcaccprf_h_0.0,0.0009820107324488062,0.6924207738340072,red
842,cons_n2pbl,0.0009844036080005481,-0.22949145887491065,blue
458,credit_bal_autofinance,0.0009930919081431358,-0.4635811321004632,blue
475,credit_bal_nonmtgcredit_60dpd,0.0010113669767002557,-0.42227041965902345,blue
71,cms_ra_factor_type_cd_CF,0.001026502578467549,-0.7673531248499582,blue
18,cons_retail_buyer_1.0,0.001045356181527219,0.7928347638539716,red
568,rx_generic_pmpm_ct,0.0010490051012047661,-0.434418856880666,blue
511,credit_num_1stmtgcredit,0.0010628612535329499,0.42096184191459607,red
137,cmsd2_sns_general_ind,0.0010994460537065147,-0.6347537979406315,blue
11,cons_n65p_y_0.0,0.0011111097013437902,-0.62535623262383,blue
73,cms_ra_factor_type_cd_CP,0.0011232848939717458,-0.7432093046887857,blue
44,cons_hhcomp_X,0.0011272913241431332,-0.7456692129066115,blue
480,credit_bal_totalallcredit_new,0.001152822985945268,0.5192055963419084,red
500,credit_hh_totalallcredit_severederog,0.0011729945601762206,-0.4606148451897391,blue
497,credit_hh_studentloan_60dpd,0.0012376317715857281,-0.5431219852932467,blue
487,credit_hh_autobank_new,0.0012459596792076587,0.6413170100928286,red
164,rev_cms_er_ind,0.0013109436329187148,-0.6710838907148613,blue
566,rx_bh_pmpm_ct,0.0013710372230715789,-0.6375941921863034,blue
750,submcc_men_othr_pmpm_ct,0.0013940214104896306,-0.5157592010530543,blue
86,mabh_seg_H2,0.0014971335377718278,0.7588424494434067,red
2,fci_score,0.00149800740550182,-0.6630010752260006,blue
319,rx_gpi2_59_ind,0.0015925135295541202,-0.8364102204765765,blue
9,cons_n2029_y_0.0,0.001697792872491106,0.6738632936706802,red
93,mabh_seg_UNK,0.001705900049234679,-0.7817869869407086,blue
544,betos_m5d_pmpm_ct,0.0018055758003043792,0.3155824092702241,red
624,rx_gpi2_58_pmpm_ct,0.001840037452431055,-0.644061306021091,blue
555,med_ambulance_visit_ct_pmpm,0.0018739100788630434,-0.3437444948318492,blue
132,cmsd2_men_mad_ind,0.0018867704515217805,-0.7383850046451983,blue
336,rx_gpi2_58_ind,0.0019806165130247812,-0.8240502380768739,blue
829,total_ambulance_visit_ct_pmpm,0.00216605735628942,-0.3890421267648644,blue
32,cons_hhcomp_B,0.0021939990387627732,0.8785833111283671,red
327,rx_gpi2_75_ind,0.0024604307033962718,-0.8161060385267701,blue
854,cms_partd_ra_factor_amt,0.0024948681354606504,-0.5022626200045901,blue
749,submcc_men_depr_pmpm_ct,0.002515351206150643,-0.5481204849777254,blue
549,betos_t1a_pmpm_ct,0.002541970480606826,0.36823256876250615,red
277,submcc_men_othr_ind,0.002622492969175714,-0.6466022095607747,blue
193,submcc_res_copd_ind,0.0028133447615644076,-0.7618204958947807,blue
0,hlth_pgm_slvrsnkr_par_status,0.00304906106306519,0.79980957945221,red
78,cms_ra_factor_type_cd_X,0.0031937291420911875,-0.8932090421750835,blue
636,rx_gpi2_72_pmpm_ct,0.0032807721330985135,-0.6476155936347693,blue
499,credit_hh_totalallcredit_collections,0.0033542660597843848,-0.7022488237046071,blue
153,prov_spec_ambulance_ind,0.003412449866873241,-0.90629365016185,blue
484,credit_hh_agencyfirstmtg,0.003421710408018005,0.5268525544465771,red
766,submcc_ner_othr_pmpm_ct,0.0035635921642331357,-0.6295677022693865,blue
858,cms_risk_adj_payment_rate_a_amt,0.003950277165713521,-0.5254529303162044,blue
146,phy_em_pe_ind,0.003977608929691594,-0.8179183543334837,blue
543,betos_m5c_pmpm_ct,0.004386427197069852,0.5713346238028506,red
545,betos_o1a_pmpm_ct,0.004419597685290068,-0.41898816023012014,blue
25,cons_homstat_Y,0.004645043546417427,0.8625919358406495,red
103,bh_dema_ind,0.005136962228867846,-0.8374281701444021,blue
397,submcc_men_depr_ind,0.005142769708353488,-0.8792770343633969,blue
830,total_er_visit_ct_pmpm,0.005148690429275358,-0.7347757021537922,blue
856,cms_risk_adjustment_factor_a_amt,0.005338006602653138,-0.5035098934885475,blue
133,cmsd2_men_men_substance_ind,0.00546444198256028,-0.8908550756476337,blue
840,cons_n2pmv,0.005498596395193745,0.40260940135831125,red
483,credit_hh_1stmtgcredit_new,0.00550305083336286,0.6025901833830053,red
206,rx_bh_ind,0.005712709452151529,-0.851147506397351,blue
665,rx_overall_pmpm_ct,0.005729952480860689,-0.7099723793516309,blue
852,pdc_dep,0.005808681746839976,0.5676467424699078,red
72,cms_ra_factor_type_cd_CN,0.0061706678899905885,0.8932583891144391,red
853,cms_rx_risk_score_nbr,0.006336739881838758,-0.5354017912528167,blue
855,cms_ma_risk_score_nbr,0.007110475402261691,-0.5305525868812314,blue
128,cms_low_income_ind,0.007320461137706529,-0.9259385399955089,blue
12,cons_n65p_y_1.0,0.007397299618896501,0.9469214202161982,red
857,cms_tot_partd_payment_amt,0.0074178863437194525,-0.7900144507345136,blue
284,betos_o1a_ind,0.00913658832251445,-0.951776136790504,blue
94,age_bins,0.011163764133221349,0.7242228669091596,red
123,ccsp_239_ind,0.012216244868554074,-0.9640035719552418,blue
125,cms_disabled_ind,0.012362841141418371,-0.9241813287828617,blue
126,cms_dual_eligible_ind,0.012512363058408136,-0.9614402653167631,blue
